snp_id,variation
1602161892,NP_001034794.1:p.Ser1411Gly
1602161892,NP_001258113.1:p.Ser1014Gly
1602161892,NP_001258112.1:p.Ser942Gly
1602161892,XP_006724663.1:p.Ser1411Gly
1602161892,XP_011529113.1:p.Ser1411Gly
1602161892,XP_011529116.1:p.Ser1367Gly
1602161892,XP_016885256.1:p.Ser1411Gly
1602161892,XP_011529110.1:p.Ser1411Gly
1602161892,XP_011529115.1:p.Ser1411Gly
1602161892,XP_016885257.1:p.Ser1367Gly
1602161892,XP_011529111.1:p.Ser1411Gly
1602161892,XP_011529114.1:p.Ser1411Gly
1602161892,XP_024308201.1:p.Ser1367Gly
1602161767,NP_001034794.1:p.Asn1401Ser
1602161767,NP_001258113.1:p.Asn1004Ser
1602161767,NP_001258112.1:p.Asn932Ser
1602161767,XP_006724663.1:p.Asn1401Ser
1602161767,XP_011529113.1:p.Asn1401Ser
1602161767,XP_011529116.1:p.Asn1357Ser
1602161767,XP_016885256.1:p.Asn1401Ser
1602161767,XP_011529110.1:p.Asn1401Ser
1602161767,XP_011529115.1:p.Asn1401Ser
1602161767,XP_016885257.1:p.Asn1357Ser
1602161767,XP_011529111.1:p.Asn1401Ser
1602161767,XP_011529114.1:p.Asn1401Ser
1602161767,XP_024308201.1:p.Asn1357Ser
1602161618,NP_001034794.1:p.Gly1393=
1602161618,NP_001258113.1:p.Gly996=
1602161618,NP_001258112.1:p.Gly924=
1602161618,XP_006724663.1:p.Gly1393=
1602161618,XP_011529113.1:p.Gly1393=
1602161618,XP_011529116.1:p.Gly1349=
1602161618,XP_016885256.1:p.Gly1393=
1602161618,XP_011529110.1:p.Gly1393=
1602161618,XP_011529115.1:p.Gly1393=
1602161618,XP_016885257.1:p.Gly1349=
1602161618,XP_011529111.1:p.Gly1393=
1602161618,XP_011529114.1:p.Gly1393=
1602161618,XP_024308201.1:p.Gly1349=
1602159880,NP_001034794.1:p.Thr1275=
1602159880,NP_001258113.1:p.Thr878=
1602159880,NP_001258112.1:p.Thr806=
1602159880,XP_006724663.1:p.Thr1275=
1602159880,XP_011529113.1:p.Thr1275=
1602159880,XP_011529116.1:p.Thr1231=
1602159880,XP_016885256.1:p.Thr1275=
1602159880,XP_011529110.1:p.Thr1275=
1602159880,XP_011529115.1:p.Thr1275=
1602159880,XP_016885257.1:p.Thr1231=
1602159880,XP_011529111.1:p.Thr1275=
1602159880,XP_011529114.1:p.Thr1275=
1602159880,XP_024308201.1:p.Thr1231=
1602159848,NP_001034794.1:p.Gly1274Val
1602159848,NP_001258113.1:p.Gly877Val
1602159848,NP_001258112.1:p.Gly805Val
1602159848,XP_006724663.1:p.Gly1274Val
1602159848,XP_011529113.1:p.Gly1274Val
1602159848,XP_011529116.1:p.Gly1230Val
1602159848,XP_016885256.1:p.Gly1274Val
1602159848,XP_011529110.1:p.Gly1274Val
1602159848,XP_011529115.1:p.Gly1274Val
1602159848,XP_016885257.1:p.Gly1230Val
1602159848,XP_011529111.1:p.Gly1274Val
1602159848,XP_011529114.1:p.Gly1274Val
1602159848,XP_024308201.1:p.Gly1230Val
1602159651,NP_001034794.1:p.Phe1269=
1602159651,NP_001258113.1:p.Phe872=
1602159651,NP_001258112.1:p.Phe800=
1602159651,XP_006724663.1:p.Phe1269=
1602159651,XP_011529113.1:p.Phe1269=
1602159651,XP_011529116.1:p.Phe1225=
1602159651,XP_016885256.1:p.Phe1269=
1602159651,XP_011529110.1:p.Phe1269=
1602159651,XP_011529115.1:p.Phe1269=
1602159651,XP_016885257.1:p.Phe1225=
1602159651,XP_011529111.1:p.Phe1269=
1602159651,XP_011529114.1:p.Phe1269=
1602159651,XP_024308201.1:p.Phe1225=
1602158201,NP_001034794.1:p.Cys1168=
1602158201,NP_001258113.1:p.Cys771=
1602158201,NP_001258112.1:p.Cys699=
1602158201,XP_006724663.1:p.Cys1168=
1602158201,XP_011529113.1:p.Cys1168=
1602158201,XP_011529116.1:p.Cys1124=
1602158201,XP_016885256.1:p.Cys1168=
1602158201,XP_011529110.1:p.Cys1168=
1602158201,XP_011529115.1:p.Cys1168=
1602158201,XP_016885257.1:p.Cys1124=
1602158201,XP_011529111.1:p.Cys1168=
1602158201,XP_011529114.1:p.Cys1168=
1602158201,XP_024308201.1:p.Cys1124=
1602157807,NP_001034794.1:p.His1143Pro
1602157807,NP_001258113.1:p.His746Pro
1602157807,NP_001258112.1:p.His674Pro
1602157807,XP_006724663.1:p.His1143Pro
1602157807,XP_011529113.1:p.His1143Pro
1602157807,XP_011529116.1:p.His1099Pro
1602157807,XP_016885256.1:p.His1143Pro
1602157807,XP_011529110.1:p.His1143Pro
1602157807,XP_011529115.1:p.His1143Pro
1602157807,XP_016885257.1:p.His1099Pro
1602157807,XP_011529111.1:p.His1143Pro
1602157807,XP_011529114.1:p.His1143Pro
1602157807,XP_024308201.1:p.His1099Pro
1602156885,NP_001034794.1:p.Gly1091Asp
1602156885,NP_001258113.1:p.Gly694Asp
1602156885,NP_001258112.1:p.Gly622Asp
1602156885,XP_006724663.1:p.Gly1091Asp
1602156885,XP_011529113.1:p.Gly1091Asp
1602156885,XP_011529116.1:p.Gly1047Asp
1602156885,XP_016885256.1:p.Gly1091Asp
1602156885,XP_011529110.1:p.Gly1091Asp
1602156885,XP_011529115.1:p.Gly1091Asp
1602156885,XP_016885257.1:p.Gly1047Asp
1602156885,XP_011529111.1:p.Gly1091Asp
1602156885,XP_011529114.1:p.Gly1091Asp
1602156885,XP_024308201.1:p.Gly1047Asp
1602155200,NP_001034794.1:p.Pro1013=
1602155200,NP_001258113.1:p.Pro616=
1602155200,NP_001258112.1:p.Pro544=
1602155200,XP_006724663.1:p.Pro1013=
1602155200,XP_011529113.1:p.Pro1013=
1602155200,XP_011529116.1:p.Pro969=
1602155200,XP_016885256.1:p.Pro1013=
1602155200,XP_011529110.1:p.Pro1013=
1602155200,XP_011529115.1:p.Pro1013=
1602155200,XP_016885257.1:p.Pro969=
1602155200,XP_011529111.1:p.Pro1013=
1602155200,XP_011529114.1:p.Pro1013=
1602155200,XP_024308201.1:p.Pro969=
1602154647,NP_001034794.1:p.Gly988=
1602154647,NP_001258113.1:p.Gly591=
1602154647,NP_001258112.1:p.Gly519=
1602154647,XP_006724663.1:p.Gly988=
1602154647,XP_011529113.1:p.Gly988=
1602154647,XP_011529116.1:p.Gly944=
1602154647,XP_016885256.1:p.Gly988=
1602154647,XP_011529110.1:p.Gly988=
1602154647,XP_011529115.1:p.Gly988=
1602154647,XP_016885257.1:p.Gly944=
1602154647,XP_011529111.1:p.Gly988=
1602154647,XP_011529114.1:p.Gly988=
1602154647,XP_024308201.1:p.Gly944=
1602154411,NP_001034794.1:p.Thr975=
1602154411,NP_001258113.1:p.Thr578=
1602154411,NP_001258112.1:p.Thr506=
1602154411,XP_006724663.1:p.Thr975=
1602154411,XP_011529113.1:p.Thr975=
1602154411,XP_011529116.1:p.Thr931=
1602154411,XP_016885256.1:p.Thr975=
1602154411,XP_011529110.1:p.Thr975=
1602154411,XP_011529115.1:p.Thr975=
1602154411,XP_016885257.1:p.Thr931=
1602154411,XP_011529111.1:p.Thr975=
1602154411,XP_011529114.1:p.Thr975=
1602154411,XP_024308201.1:p.Thr931=
1602153700,NP_001034794.1:p.Thr927=
1602153700,NP_001258113.1:p.Thr530=
1602153700,NP_001258112.1:p.Thr458=
1602153700,XP_006724663.1:p.Thr927=
1602153700,XP_011529113.1:p.Thr927=
1602153700,XP_011529116.1:p.Thr883=
1602153700,XP_016885256.1:p.Thr927=
1602153700,XP_011529110.1:p.Thr927=
1602153700,XP_011529115.1:p.Thr927=
1602153700,XP_016885257.1:p.Thr883=
1602153700,XP_011529111.1:p.Thr927=
1602153700,XP_011529114.1:p.Thr927=
1602153700,XP_024308201.1:p.Thr883=
1602153469,NP_001034794.1:p.Ser905Thr
1602153469,NP_001258113.1:p.Ser508Thr
1602153469,NP_001258112.1:p.Ser436Thr
1602153469,XP_006724663.1:p.Ser905Thr
1602153469,XP_011529113.1:p.Ser905Thr
1602153469,XP_011529116.1:p.Ser861Thr
1602153469,XP_016885256.1:p.Ser905Thr
1602153469,XP_011529110.1:p.Ser905Thr
1602153469,XP_011529115.1:p.Ser905Thr
1602153469,XP_016885257.1:p.Ser861Thr
1602153469,XP_011529111.1:p.Ser905Thr
1602153469,XP_011529114.1:p.Ser905Thr
1602153469,XP_024308201.1:p.Ser861Thr
1602152731,NP_001034794.1:p.Ser866Arg
1602152731,NP_001258113.1:p.Ser469Arg
1602152731,NP_001258112.1:p.Ser397Arg
1602152731,XP_006724663.1:p.Ser866Arg
1602152731,XP_011529113.1:p.Ser866Arg
1602152731,XP_011529116.1:p.Ser822Arg
1602152731,XP_016885256.1:p.Ser866Arg
1602152731,XP_011529110.1:p.Ser866Arg
1602152731,XP_011529115.1:p.Ser866Arg
1602152731,XP_016885257.1:p.Ser822Arg
1602152731,XP_011529111.1:p.Ser866Arg
1602152731,XP_011529114.1:p.Ser866Arg
1602152731,XP_024308201.1:p.Ser822Arg
1602151472,NP_001034794.1:p.Phe787Leu
1602151472,NP_001258113.1:p.Phe390Leu
1602151472,NP_001258112.1:p.Phe318Leu
1602151472,XP_006724663.1:p.Phe787Leu
1602151472,XP_011529113.1:p.Phe787Leu
1602151472,XP_011529116.1:p.Phe743Leu
1602151472,XP_016885256.1:p.Phe787Leu
1602151472,XP_011529110.1:p.Phe787Leu
1602151472,XP_011529115.1:p.Phe787Leu
1602151472,XP_016885257.1:p.Phe743Leu
1602151472,XP_011529111.1:p.Phe787Leu
1602151472,XP_011529114.1:p.Phe787Leu
1602151472,XP_024308201.1:p.Phe743Leu
1602151442,NP_001034794.1:p.Phe787Cys
1602151442,NP_001258113.1:p.Phe390Cys
1602151442,NP_001258112.1:p.Phe318Cys
1602151442,XP_006724663.1:p.Phe787Cys
1602151442,XP_011529113.1:p.Phe787Cys
1602151442,XP_011529116.1:p.Phe743Cys
1602151442,XP_016885256.1:p.Phe787Cys
1602151442,XP_011529110.1:p.Phe787Cys
1602151442,XP_011529115.1:p.Phe787Cys
1602151442,XP_016885257.1:p.Phe743Cys
1602151442,XP_011529111.1:p.Phe787Cys
1602151442,XP_011529114.1:p.Phe787Cys
1602151442,XP_024308201.1:p.Phe743Cys
1602151418,NP_001034794.1:p.Ser786fs
1602151418,NP_001258113.1:p.Ser389fs
1602151418,NP_001258112.1:p.Ser317fs
1602151418,XP_006724663.1:p.Ser786fs
1602151418,XP_011529113.1:p.Ser786fs
1602151418,XP_011529116.1:p.Ser742fs
1602151418,XP_016885256.1:p.Ser786fs
1602151418,XP_011529110.1:p.Ser786fs
1602151418,XP_011529115.1:p.Ser786fs
1602151418,XP_016885257.1:p.Ser742fs
1602151418,XP_011529111.1:p.Ser786fs
1602151418,XP_011529114.1:p.Ser786fs
1602151418,XP_024308201.1:p.Ser742fs
1602151102,NP_001034794.1:p.Ser766=
1602151102,NP_001258113.1:p.Ser369=
1602151102,NP_001258112.1:p.Ser297=
1602151102,XP_006724663.1:p.Ser766=
1602151102,XP_011529113.1:p.Ser766=
1602151102,XP_011529116.1:p.Ser722=
1602151102,XP_016885256.1:p.Ser766=
1602151102,XP_011529110.1:p.Ser766=
1602151102,XP_011529115.1:p.Ser766=
1602151102,XP_016885257.1:p.Ser722=
1602151102,XP_011529111.1:p.Ser766=
1602151102,XP_011529114.1:p.Ser766=
1602151102,XP_024308201.1:p.Ser722=
1602150869,NP_001034794.1:p.Gly753=
1602150869,NP_001258113.1:p.Gly356=
1602150869,NP_001258112.1:p.Gly284=
1602150869,XP_006724663.1:p.Gly753=
1602150869,XP_011529113.1:p.Gly753=
1602150869,XP_011529116.1:p.Gly709=
1602150869,XP_016885256.1:p.Gly753=
1602150869,XP_011529110.1:p.Gly753=
1602150869,XP_011529115.1:p.Gly753=
1602150869,XP_016885257.1:p.Gly709=
1602150869,XP_011529111.1:p.Gly753=
1602150869,XP_011529114.1:p.Gly753=
1602150869,XP_024308201.1:p.Gly709=
